Ref,Val,Package,PosX,PosY,Rot,Side
"BAT1","BS-02-A1AJ010","CR2032_HOLDER",181.311200,189.917800,180.000000,top
"C1","2nF","C_1206_3216Metric",7.626000,88.646200,90.000000,top
"C2","10uF","CAP_L6",234.823000,217.070400,180.000000,top
"C3","10uF","CAP_L6",204.343000,217.070400,180.000000,top
"C4","10uF","CAP_L6",173.863000,217.070400,180.000000,top
"C5","10uF","CAP_L6",143.383000,217.070400,180.000000,top
"C6","8.2nF","C_0603_1608Metric",233.299000,227.357400,-90.000000,top
"C7","8.2nF","C_0603_1608Metric",202.819000,227.357400,-90.000000,top
"C8","8.2nF","C_0603_1608Metric",172.339000,227.357400,-90.000000,top
"C9","8.2nF","C_0603_1608Metric",141.859000,227.357400,-90.000000,top
"C10","100pF","C_0603_1608Metric",223.139000,224.804400,90.000000,top
"C11","10pF","C_0603_1608Metric",192.659000,224.792000,90.000000,top
"C12","10pF","C_0603_1608Metric",162.179000,224.792000,90.000000,top
"C13","10pF","C_0603_1608Metric",131.699000,224.792000,90.000000,top
"C14","750pF","C_0603_1608Metric",218.059000,224.804400,90.000000,top
"C15","2.7nF","C_0603_1608Metric",187.579000,224.792000,90.000000,top
"C16","1.2nF","C_0603_1608Metric",157.099000,224.792000,90.000000,top
"C17","1nF","C_0603_1608Metric",126.619000,224.792000,90.000000,top
"C18","100nF","C_0603_1608Metric",224.282000,221.261400,180.000000,top
"C19","100nF","C_0603_1608Metric",193.802000,221.261400,180.000000,top
"C20","100nF","C_0603_1608Metric",163.322000,221.261400,180.000000,top
"C21","100nF","C_0603_1608Metric",132.842000,221.261400,180.000000,top
"C22","47uF","CAP_L6",225.171000,209.882200,0.000000,top
"C23","47uF","CAP_L6",194.691000,209.882200,0.000000,top
"C24","47uF","CAP_L6",164.211000,209.882200,0.000000,top
"C25","47uF","CAP_L6",133.731000,209.882200,0.000000,top
"C26","47uF","CAP_TANTAL_A",225.809053,205.056200,0.000000,top
"C27","47uF","CAP_TANTAL_A",195.326000,205.056200,0.000000,top
"C28","47uF","CAP_TANTAL_A",164.846000,205.056200,0.000000,top
"C29","47uF","CAP_TANTAL_A",134.366000,205.056200,0.000000,top
"C30","1uF","C_0603_1608Metric",207.828800,17.528000,-90.000000,top
"C31","100nF","C_0603_1608Metric",237.467775,50.774600,0.000000,top
"C32","47uF","CAP_TANTAL_A",233.325752,41.224200,0.000000,top
"C33","1uF","C_0603_1608Metric",210.318000,22.608000,180.000000,top
"C34","100nF","C_0603_1608Metric",218.186000,171.958000,-90.000000,top
"C35","100nF","C_0603_1608Metric",218.186000,175.133000,90.000000,top
"C36","100nF","C_0603_1608Metric",223.520000,147.701000,180.000000,top
"C37","100nF","C_0603_1608Metric",223.520000,137.096500,180.000000,top
"C38","100nF","C_0603_1608Metric",214.883998,135.531870,-90.000000,top
"C39","100nF","C_0603_1608Metric",223.901000,159.385000,180.000000,top
"C40","100nF","C_0402_1005Metric",11.944000,235.968000,-90.000000,top
"C41","100uF","C_0402_1005Metric",10.928000,235.968000,-90.000000,top
"C42","100uF","C_0402_1005Metric",46.841000,239.143000,0.000000,top
"C43","100uF","C_0402_1005Metric",49.536000,238.409000,-90.000000,top
"C44","100nF","C_0402_1005Metric",48.393000,238.409000,-90.000000,top
"C45","10nF","C_0402_1005Metric",43.694000,235.559000,90.000000,top
"C46","4.7uF","C_0402_1005Metric",41.537000,236.463578,0.000000,top
"C47","1nF","C_0402_1005Metric",41.537000,237.492000,0.000000,top
"C48","16CE47FSS","CAP_L5",18.675000,240.540000,0.000000,top
"C49","1uF","C_0402_1005Metric",21.469000,224.028000,0.000000,top
"C50","100nF","C_0402_1005Metric",28.454000,223.014000,-90.000000,top
"C51","100nF","C_0402_1005Metric",21.469000,223.014000,0.000000,top
"C52","100nF","C_0402_1005Metric",21.977000,210.568000,180.000000,top
"C53","100nF","C_0402_1005Metric",30.232000,219.839000,-90.000000,top
"C54","100nF","C_0402_1005Metric",28.200000,213.997000,0.000000,top
"C55","100nF","C_0402_1005Metric",16.008000,217.680000,0.000000,top
"C56","16CE47FSS","CAP_L5",15.373000,233.936000,0.000000,top
"C57","100nF","C_0402_1005Metric",19.818000,212.219000,180.000000,top
"C58","100nF","C_0402_1005Metric",18.675000,221.998000,-90.000000,top
"C59","16CE47FSS","CAP_L5",24.009000,233.936000,180.000000,top
"C60","18pF","C_0402_1005Metric",18.167000,229.237000,45.000000,top
"C61","18pF","C_0402_1005Metric",19.691000,230.761000,-135.000000,top
"C62","1uF","C_0402_1005Metric",23.628000,211.711000,90.000000,top
"C63","100nF","C_0402_1005Metric",24.644000,211.711000,90.000000,top
"C64","100nF","C_0402_1005Metric",232.390600,115.572000,180.000000,top
"C65","10nF","C_0402_1005Metric",232.390600,116.689600,180.000000,top
"C66","100nF","C_0402_1005Metric",225.735800,111.711200,0.000000,top
"C67","10nF","C_0402_1005Metric",225.735800,110.314200,0.000000,top
"C68","100nF","C_0402_1005Metric",236.607000,115.572000,180.000000,top
"C69","10nF","C_0402_1005Metric",230.409400,97.207800,0.000000,top
"C70","47pF","C_0402_1005Metric",36.124800,216.359200,0.000000,top
"C71","4.7uF","C_0402_1005Metric",36.124800,226.773200,0.000000,top
"C72","100nF","C_0402_1005Metric",36.124800,225.757200,0.000000,top
"C73","10uF","C_0402_1005Metric",52.457000,201.198000,-90.000000,top
"C74","100nF","C_0402_1005Metric",53.600000,201.198000,-90.000000,top
"C75","10uF","C_0402_1005Metric",39.587000,198.214218,180.000000,top
"C76","10uF","C_0402_1005Metric",44.357000,198.298782,0.000000,top
"C77","10uF","C_0402_1005Metric",34.253000,198.214218,180.000000,top
"C78","10nF","C_0402_1005Metric",49.663000,199.166000,180.000000,top
"C79","100nF","C_0402_1005Metric",39.587000,197.198218,180.000000,top
"C80","100nF","C_0402_1005Metric",44.357000,197.282782,0.000000,top
"C81","100nF","C_0402_1005Metric",34.253000,197.198218,180.000000,top
"C82","10nF","C_0402_1005Metric",39.587000,196.182218,180.000000,top
"C83","10nF","C_0402_1005Metric",44.357000,196.266782,0.000000,top
"C84","10nF","C_0402_1005Metric",34.253000,196.182218,180.000000,top
"C85","10uF","C_0402_1005Metric",42.155000,198.214218,0.000000,top
"C86","100nF","C_0402_1005Metric",42.155000,197.198218,0.000000,top
"C87","10nF","C_0402_1005Metric",42.155000,196.182218,0.000000,top
"C88","10uF","C_0402_1005Metric",46.770000,199.011000,180.000000,top
"C89","10uF","C_0402_1005Metric",36.920000,198.214218,0.000000,top
"C90","10uF","C_0402_1005Metric",50.806000,208.056000,-90.000000,top
"C91","100nF","C_0402_1005Metric",46.770000,197.995000,180.000000,top
"C92","100nF","C_0402_1005Metric",36.920000,197.198218,0.000000,top
"C93","100nF","C_0402_1005Metric",49.790000,208.056000,-90.000000,top
"C94","10nF","C_0402_1005Metric",46.770000,196.979000,180.000000,top
"C95","10nF","C_0402_1005Metric",36.920000,196.182218,0.000000,top
"C96","10nF","C_0402_1005Metric",48.774000,208.056000,-90.000000,top
"C97","2.2nF","C_0402_1005Metric",39.587000,199.407000,0.000000,top
"C98","47uF","CAP_L5",58.925876,127.789400,0.000000,top
"C99","10uF","C_0402_1005Metric",67.949200,111.939800,90.000000,top
"C100","10uF","C_0402_1005Metric",54.260400,111.942400,90.000000,top
"C101","100nF","C_0402_1005Metric",69.119400,111.939800,90.000000,top
"C102","100nF","C_0402_1005Metric",53.193600,111.942400,90.000000,top
"C103","10nF","C_0402_1005Metric",67.824000,120.525000,-90.000000,top
"C104","10nF","C_0402_1005Metric",54.260400,121.795000,-90.000000,top
"C105","47uF","CAP_L5",104.112476,126.976600,0.000000,top
"C106","47uF","CAP_TANTAL_A",75.500898,165.279800,180.000000,top
"C107","47uF","CAP_TANTAL_A",75.494800,167.235600,180.000000,top
"C108","47uF","CAP_L6",27.305000,92.583000,90.000000,top
"C109","47uF","CAP_L6",34.544000,92.583000,90.000000,top
"C110","47uF","CAP_TANTAL_A",52.197000,89.662000,90.000000,top
"C111","47uF","CAP_TANTAL_A",54.483000,89.662000,90.000000,top
"C112","10uF","CAP_TANTAL_A",35.179000,74.930000,0.000000,top
"C113","10uF","CAP_TANTAL_A",29.972000,74.930000,180.000000,top
"C114","47uF","CAP_L6",34.544000,28.067000,-90.000000,top
"C115","47uF","CAP_L6",27.305000,28.067000,-90.000000,top
"C116","47uF","CAP_TANTAL_A",64.655098,31.877000,0.000000,top
"C117","47uF","CAP_TANTAL_A",64.655098,29.972000,0.000000,top
"C118","100nF","C_0402_1005Metric",200.107200,36.324000,0.000000,top
"C119","100nF","C_0402_1005Metric",200.107200,46.788800,0.000000,top
"C120","100nF","C_0402_1005Metric",198.634000,43.994800,0.000000,top
"C121","100nF","C_0402_1005Metric",198.634000,39.321200,0.000000,top
"C122","100nF","C_0402_1005Metric",200.107200,37.340000,0.000000,top
"C123","100nF","C_0402_1005Metric",200.107200,47.804800,0.000000,top
"C124","100nF","C_0402_1005Metric",198.634000,45.010800,0.000000,top
"C125","100nF","C_0402_1005Metric",198.634000,40.337200,0.000000,top
"C126","10uF","C_0402_1005Metric",230.536400,51.208400,180.000000,top
"C127","100nF","C_0402_1005Metric",230.536400,52.224400,180.000000,top
"C128","100nF","C_0402_1005Metric",201.066400,41.529000,0.000000,top
"C129","100nF","C_0402_1005Metric",201.066400,42.545000,0.000000,top
"C130","10uF","C_0402_1005Metric",201.707400,33.530000,90.000000,top
"C131","100nF","C_0402_1005Metric",202.698000,33.530000,90.000000,top
"C132","100nF","C_0402_1005Metric",203.688600,33.530000,90.000000,top
"C133","100nF","C_0402_1005Metric",197.491000,33.527400,90.000000,top
"C134","100nF","C_0402_1005Metric",198.481600,33.530000,90.000000,top
"C135","10uF","C_0402_1005Metric",220.859000,30.662400,90.000000,top
"C136","10uF","C_0402_1005Metric",221.036800,48.211200,180.000000,top
"C137","100nF","C_0402_1005Metric",199.472200,33.527400,90.000000,top
"C138","100nF","C_0402_1005Metric",204.730000,51.310000,0.000000,top
"C139","100nF","C_0402_1005Metric",222.611600,47.906400,-90.000000,top
"C140","100nF","C_0402_1005Metric",215.753600,31.190600,90.000000,top
"C141","100nF","C_0402_1005Metric",204.730000,50.294000,0.000000,top
"C142","10uF","C_0402_1005Metric",223.068800,43.385200,180.000000,top
"C143","100nF","C_0402_1005Metric",223.068800,45.417200,180.000000,top
"C144","10uF","C_0402_1005Metric",209.733800,31.675800,0.000000,top
"C145","100nF","C_0402_1005Metric",218.776200,31.190600,90.000000,top
"C146","100nF","C_0402_1005Metric",204.730000,49.278000,0.000000,top
"C147","100nF","C_0402_1005Metric",223.068800,46.433200,180.000000,top
"C148","100nF","C_0402_1005Metric",223.068800,42.369200,180.000000,top
"C149","10uF","C_0402_1005Metric",212.184900,30.708000,90.000000,top
"C150","10uF","C_0402_1005Metric",221.087600,32.768000,90.000000,top
"C151","100nF","C_0402_1005Metric",209.733800,30.659800,0.000000,top
"C152","100nF","C_0402_1005Metric",217.785600,31.190600,90.000000,top
"C153","100nF","C_0402_1005Metric",204.730000,53.316600,0.000000,top
"C154","100nF","C_0402_1005Metric",224.084800,47.449200,180.000000,top
"C155","100nF","C_0402_1005Metric",223.068800,41.353200,180.000000,top
"C156","100nF","C_0402_1005Metric",223.068800,44.401200,180.000000,top
"C157","100nF","C_0402_1005Metric",224.084800,48.465200,180.000000,top
"C158","100nF","C_0402_1005Metric",211.715000,28.729400,180.000000,top
"C159","100nF","C_0402_1005Metric",222.103600,32.768000,90.000000,top
"C160","100nF","C_0402_1005Metric",209.731200,29.643800,0.000000,top
"C161","100nF","C_0402_1005Metric",219.868400,30.662400,90.000000,top
"C162","100nF","C_0402_1005Metric",204.730000,52.326000,0.000000,top
"C163","100nF","C_0402_1005Metric",22.891400,193.829400,90.000000,top
"C164","100nF","C_0402_1005Metric",22.891400,175.541400,90.000000,top
"C165","100nF","C_0402_1005Metric",22.891400,156.262800,90.000000,top
"C166","100nF","C_0402_1005Metric",46.589600,127.713200,0.000000,top
"C167","100nF","C_0402_1005Metric",43.059000,156.595600,90.000000,top
"C168","100nF","C_0402_1005Metric",46.587000,128.703800,0.000000,top
"C169","100nF","C_0402_1005Metric",42.068400,156.595600,90.000000,top
"C170","100nF","C_0402_1005Metric",63.099600,174.500000,0.000000,top
"C171","100nF","C_0402_1005Metric",63.099600,176.684400,0.000000,top
"C172","100nF","C_0402_1005Metric",60.254800,178.919600,0.000000,top
"C173","100nF","C_0402_1005Metric",60.254800,181.053200,0.000000,top
"C174","100nF","C_0402_1005Metric",63.099600,175.541400,0.000000,top
"C175","100nF","C_0402_1005Metric",63.099600,177.700400,0.000000,top
"C176","100nF","C_0402_1005Metric",60.254800,179.935600,0.000000,top
"C177","100nF","C_0402_1005Metric",60.254800,182.069200,0.000000,top
"C178","18pF","C_0402_1005Metric",68.226024,174.752665,-45.000000,top
"C179","18pF","C_0402_1005Metric",69.699224,173.304865,135.000000,top
"C180","100nF","C_0402_1005Metric",61.319000,173.433200,180.000000,top
"C181","10uF","C_0402_1005Metric",39.119400,170.766200,0.000000,top
"C182","10uF","C_0402_1005Metric",39.122000,169.674000,0.000000,top
"C183","100nF","C_0402_1005Metric",39.122000,168.683400,0.000000,top
"C184","100nF","C_0402_1005Metric",44.303600,156.593000,90.000000,top
"C185","100nF","C_0402_1005Metric",38.156800,167.616600,0.000000,top
"C186","100nF","C_0402_1005Metric",48.697800,178.564000,-90.000000,top
"C187","100nF","C_0402_1005Metric",41.357200,160.631600,0.000000,top
"C188","100nF","C_0402_1005Metric",59.924600,162.993800,180.000000,top
"C189","100nF","C_0402_1005Metric",46.284800,159.133000,90.000000,top
"C190","100nF","C_0402_1005Metric",59.924600,164.009800,180.000000,top
"C191","100nF","C_0402_1005Metric",53.092000,158.650400,90.000000,top
"C192","100nF","C_0402_1005Metric",49.688400,178.564000,-90.000000,top
"C193","47uF","CAP_TANTAL_A",40.265000,177.675000,180.000000,top
"C194","47uF","CAP_TANTAL_A",62.185200,159.761902,-90.000000,top
"C195","47uF","CAP_L5",66.503200,163.959000,180.000000,top
"C196","47uF","CAP_L5",50.983800,182.805800,180.000000,top
"C197","100nF","C_0402_1005Metric",107.497000,102.135400,-90.000000,top
"C198","10uF","C_0402_1005Metric",107.497000,104.675400,-90.000000,top
"C199","10nF","C_0402_1005Metric",106.354000,102.135400,-90.000000,top
"C200","100nF","C_0402_1005Metric",106.354000,104.675400,-90.000000,top
"C201","10nF","C_0402_1005Metric",93.019000,96.090200,90.000000,top
"C202","100nF","C_0402_1005Metric",92.765000,104.980200,90.000000,top
"C203","100nF","C_0402_1005Metric",91.876000,96.090200,90.000000,top
"C204","10uF","C_0402_1005Metric",86.796000,104.977600,90.000000,top
"C205","100nF","C_0402_1005Metric",107.502400,116.486400,-90.000000,top
"C206","10uF","C_0402_1005Metric",107.502400,119.026400,-90.000000,top
"C207","10nF","C_0402_1005Metric",106.359400,116.486400,-90.000000,top
"C208","100nF","C_0402_1005Metric",106.359400,119.026400,-90.000000,top
"C209","10nF","C_0402_1005Metric",93.024400,110.443800,90.000000,top
"C210","100nF","C_0402_1005Metric",92.770400,119.331200,90.000000,top
"C211","100nF","C_0402_1005Metric",91.881400,110.443800,90.000000,top
"C212","10uF","C_0402_1005Metric",86.801400,119.331200,90.000000,top
"C213","100nF","C_0402_1005Metric",172.649800,177.499800,90.000000,top
"C214","10nF","C_0402_1005Metric",173.691200,177.497200,90.000000,top
"C215","10uF","C_0402_1005Metric",173.691200,179.935600,-90.000000,top
"C216","100nF","C_0402_1005Metric",98.802024,30.156759,-90.000000,top
"C217","100nF","C_0402_1005Metric",85.162224,30.149199,-90.000000,top
"C218","10nF","C_0402_1005Metric",97.709824,30.156759,-90.000000,top
"C219","10nF","C_0402_1005Metric",84.070024,30.154399,-90.000000,top
"C220","10uF","C_0402_1005Metric",96.627600,30.151800,-90.000000,top
"C221","10uF","C_0402_1005Metric",82.987800,30.149200,-90.000000,top
"D1","B540C-13-F","B540C-13-F",224.663000,217.070400,0.000000,top
"D2","B540C-13-F","B540C-13-F",194.183000,217.070400,0.000000,top
"D3","B540C-13-F","B540C-13-F",163.703000,217.070400,0.000000,top
"D4","B540C-13-F","B540C-13-F",133.223000,217.070400,0.000000,top
"D5","BZT52C6V2S-7-F","BZT52C6V2S-7-F",13.976000,239.397000,-90.000000,top
"D6","B540C-13-F","B540C-13-F",31.750000,209.296000,0.000000,top
"D7","BAT54C","SOT-23",176.533700,177.979800,180.000000,top
"FB1","GZ2012D101TF","Ferrite_Bead_100",28.454000,226.570000,180.000000,top
"FB2","GZ2012D101TF","Ferrite_Bead_100",50.171000,197.134000,180.000000,top
"FB3","GZ2012D101TF","Ferrite_Bead_100",39.206000,193.565000,90.000000,top
"FB4","GZ2012D101TF","Ferrite_Bead_100",44.329000,193.575400,90.000000,top
"FB5","GZ2012D101TF","Ferrite_Bead_100",34.380000,193.565000,90.000000,top
"FB6","GZ2012D101TF","Ferrite_Bead_100",41.916000,193.575400,90.000000,top
"FB7","GZ2012D101TF","Ferrite_Bead_100",46.742000,193.575400,90.000000,top
"FB8","GZ2012D101TF","Ferrite_Bead_100",36.793000,193.565000,90.000000,top
"FB9","GZ2012D101TF","Ferrite_Bead_100",51.568000,205.869000,180.000000,top
"FB10","GZ2012D101TF","Ferrite_Bead_100",89.767800,106.222200,180.000000,top
"FB11","GZ2012D101TF","Ferrite_Bead_100",89.767800,103.809251,180.000000,top
"FB12","GZ2012D101TF","Ferrite_Bead_100",89.772182,120.728200,180.000000,top
"FB13","GZ2012D101TF","Ferrite_Bead_100",89.772182,118.315200,180.000000,top
"FID1","Fiducial","Fiducial_1mm_Mask2mm",234.188000,210.820000,0.000000,top
"FID2","Fiducial","Fiducial_1mm_Mask2mm",234.188000,4.318000,0.000000,top
"FID3","Fiducial","Fiducial_1mm_Mask2mm",7.620000,4.318000,0.000000,top
"J1","39281243","24_Pin_Connector_Vertical",231.850064,148.600025,90.000000,top
"J2","Conn_02x02_Top_Bottom","PinHeader_2x02_P2.54mm_Vertical",221.107000,173.101000,0.000000,top
"J3","TYPEC-304-ACP16","USB_TYPEC",4.315970,238.254041,-90.000000,top
"J4","906-151A1058D10200","USB_VERTICAL_BLUE",6.229000,214.439975,-90.000000,top
"J5","907-211A1019D10200","USB_2_CONNECTOR",8.760958,225.681273,-90.000000,top
"J6","TF-115K","MicroSD_Holder",233.144012,106.428000,90.000000,top
"J7","1-2199230-5","M2_Slot",63.379000,219.458000,90.000000,top
"J8","HYC90-SIM06-180","SIM-SMD_HYC90-SIM06-180",46.318089,222.632496,180.000000,top
"J9","HDMI_19PIN_043","HDMI_CONNECTOR",7.047004,202.934936,-90.000000,top
"J10","Conn_01x02_Pin","PinHeader_1x02_P2.54mm_Vertical",17.252600,117.903800,180.000000,top
"J11","2309410-1","SODIMM_DDR4",118.473000,168.391000,180.000000,top
"J12","Conn_02x03_Odd_Even","PinHeader_2x03_P1.27mm_Vertical",165.553200,157.629400,180.000000,top
"J13","Conn_01x09_Pin","PinHeader_1x09_P1.27mm_Vertical",136.505600,147.957000,90.000000,top
"J14","Conn_01x05_Pin","PinHeader_1x05_P2.54mm_Vertical",127.107600,149.354000,-90.000000,top
"J15","Conn_01x05_Pin","PinHeader_1x05_P2.54mm_Vertical",111.918400,149.354000,-90.000000,top
"J16","Conn_01x02_Pin","PinHeader_1x02_P2.54mm_Vertical",84.842000,146.793600,0.000000,top
"J17","RC01133","RJ45_SIMPLE",7.874891,112.519967,90.000000,top
"J18","10018784-10213TLF","PCIE_x16_Slot",45.450000,82.926000,0.000000,top
"J19","1-2199230-5","M2_Slot",32.766000,61.366400,90.000000,top
"J20","10018784-10213TLF","PCIE_x16_Slot",45.450000,42.286000,0.000000,top
"J21","Conn_01x06_Pin","PinHeader_1x06_P1.00mm_Vertical",205.854200,56.390000,90.000000,top
"J22","HY911130A","RJ45_MAGJACK_HY911130A",12.228971,185.695090,-90.000000,top
"J23","HY911130A","RJ45_MAGJACK_HY911130A",12.228971,166.899090,-90.000000,top
"J24","HY911130A","RJ45_MAGJACK_HY911130A",12.228971,148.103090,-90.000000,top
"J25","HC-SFP-01L","TH_HC-SFP-01L",23.027911,130.416032,0.000000,top
"J26","Conn_01x08_Pin","PinHeader_1x08_P1.00mm_Vertical",49.515800,154.205400,90.000000,top
"J27","Conn_01x06_Pin","PinHeader_1x06_P2.54mm_Vertical",71.913400,142.470600,-90.000000,top
"J28","Conn_01x03_Pin","PinHeader_1x03_P2.54mm_Vertical",192.309400,176.098200,90.000000,top
"J29","Conn_01x03_Pin","PinHeader_1x03_P2.54mm_Vertical",192.321100,161.444400,90.000000,top
"J30","Conn_01x03_Pin","PinHeader_1x03_P2.54mm_Vertical",202.799600,167.259000,180.000000,top
"J31","Conn_01x03_Pin","PinHeader_1x03_P2.54mm_Vertical",202.811300,152.630600,180.000000,top
"J32","Conn_01x02_Pin","PinHeader_1x02_P2.54mm_Vertical",17.908000,100.535200,90.000000,top
"J33","Conn_01x02_Pin","PinHeader_1x02_P2.54mm_Vertical",17.908000,107.418600,90.000000,top
"J34","Conn_02x05_Odd_Even","PinHeader_2x05_P2.54mm_Vertical",175.901000,159.666400,90.000000,top
"JP1","~","R_0805_2012Metric",215.773000,207.010000,-90.000000,top
"JP2","~","R_0805_2012Metric",185.293000,207.010000,-90.000000,top
"JP3","~","R_0805_2012Metric",154.813000,207.010000,-90.000000,top
"JP4","~","R_0805_2012Metric",124.333000,207.010000,-90.000000,top
"L1","6.8uH","Choke",215.773000,214.149400,-90.000000,top
"L2","6.8uH","Choke",185.293000,214.149400,-90.000000,top
"L3","6.8uH","Choke",154.813000,214.149400,-90.000000,top
"L4","6.8uH","Choke",124.333000,214.149400,-90.000000,top
"M1","Fan_4pin","FanPinHeader_1x04_P2.54mm_Vertical",162.718400,194.693000,-90.000000,top
"M2","Fan_4pin","FanPinHeader_1x04_P2.54mm_Vertical",203.739400,143.486600,180.000000,top
"OSC1","OT322525MJBA4SL","25MHZ_OSCILLATOR",49.903032,201.917076,90.000000,top
"Q1","2N7002","NMOS_2N7002",224.044000,122.996962,0.000000,top
"Q2","2N7002","NMOS_2N7002",224.107000,130.807962,-90.000000,top
"Q3","BSS138","SOT-23",30.859000,194.707000,90.000000,top
"Q4","BSS138","SOT-23",27.057000,194.675000,90.000000,top
"Q5","BSS138","SOT-23",91.471400,136.704800,-90.000000,top
"Q6","BSS138","SOT-23",75.596400,136.702500,-90.000000,top
"Q7","BSS138","SOT-23",86.188200,136.704800,-90.000000,top
"Q8","BSS138","SOT-23",80.905000,136.702500,-90.000000,top
"Q9","BSS138","SOT-23",163.300300,174.022000,0.000000,top
"Q10","BSS138","SOT-23",163.300300,168.434000,0.000000,top
"Q11","BSS138","SOT-23",73.742200,148.185600,-90.000000,top
"Q12","BSS138","SOT-23",68.205000,148.185600,-90.000000,top
"Q13","BSS138","SOT-23",62.667800,148.185600,-90.000000,top
"Q14","BSS138","SOT-23",57.130600,148.185600,-90.000000,top
"Q15","BSS138","SOT-23",191.575100,172.364400,0.000000,top
"Q16","BSS138","SOT-23",191.572800,167.157400,0.000000,top
"Q17","BSS138","SOT-23",191.584500,157.715600,0.000000,top
"Q18","BSS138","SOT-23",191.584500,152.529000,0.000000,top
"Q19","BSS138","SOT-23",120.023300,102.618000,180.000000,top
"Q20","BSS138","SOT-23",120.021000,97.792000,180.000000,top
"Q21","BSS138","SOT-23",120.021000,117.350000,180.000000,top
"Q22","BSS138","SOT-23",120.021000,112.524000,180.000000,top
"Q23","BSS138","SOT-23",162.718400,181.205600,90.000000,top
"Q24","BSS138","SOT-23",191.575100,147.982400,0.000000,top
"R1","1k","R_1206_3216Metric",10.166000,88.648000,-90.000000,top
"R2","39.2k","R_0603_1608Metric",220.599000,225.566400,180.000000,top
"R3","11.3k","R_0603_1608Metric",190.119000,225.554000,180.000000,top
"R4","20.5k","R_0603_1608Metric",159.639000,225.554000,180.000000,top
"R5","25.5k","R_0603_1608Metric",129.159000,225.554000,180.000000,top
"R6","10.2k","R_0603_1608Metric",215.456000,227.344400,0.000000,top
"R7","41.2k","R_0603_1608Metric",216.281000,224.804400,-90.000000,top
"R8","10.2k","R_0603_1608Metric",184.965853,227.332000,0.000000,top
"R9","27.1k","R_0603_1608Metric",185.801000,224.792000,-90.000000,top
"R10","10.2k","R_0603_1608Metric",154.485853,227.332000,0.000000,top
"R11","8.2k","R_0603_1608Metric",155.321000,224.792000,-90.000000,top
"R12","10.2k","R_0603_1608Metric",124.005853,227.332000,0.000000,top
"R13","4.81k","R_0603_1608Metric",124.841000,224.792000,-90.000000,top
"R14","1k","R_0603_1608Metric",210.357033,16.757494,0.000000,top
"R15","0R","R_0603_1608Metric",217.430000,179.580000,0.000000,top
"R16","10k","R_0603_1608Metric",217.424000,177.546000,0.000000,top
"R17","10k","R_0603_1608Metric",217.424000,169.545000,0.000000,top
"R18","0R","R_0603_1608Metric",229.698200,179.580000,180.000000,top
"R19","1k","R_0603_1608Metric",218.439998,135.519670,-90.000000,top
"R20","100k","R_0603_1608Metric",216.661998,135.519670,-90.000000,top
"R21","1k","R_0603_1608Metric",223.901000,157.734000,0.000000,top
"R22","10k","R_0603_1608Metric",225.235000,120.523000,180.000000,top
"R23","100","R_0603_1608Metric",225.235000,118.745000,180.000000,top
"R24","10k","R_0603_1608Metric",225.123000,127.251962,90.000000,top
"R25","100","R_0603_1608Metric",223.091000,127.251962,90.000000,top
"R26","100","R_0603_1608Metric",223.282000,133.347962,0.000000,top
"R27","100k","R_0402_1005Metric",109.736000,208.663000,0.000000,top
"R28","100k","R_0402_1005Metric",48.393000,236.097000,90.000000,top
"R29","887k","R_0402_1005Metric",8.386000,235.841000,0.000000,top
"R30","28.7k","R_0402_1005Metric",49.536000,236.097000,90.000000,top
"R31","100k","R_0402_1005Metric",110.752000,207.520000,0.000000,top
"R32","10k","R_0402_1005Metric",41.537000,235.333000,0.000000,top
"R33","10k","R_0402_1005Metric",28.962000,219.837000,-90.000000,top
"R34","12k","R_0402_1005Metric",21.469000,221.871000,0.000000,top
"R35","10k","R_0402_1005Metric",27.311000,221.998000,-90.000000,top
"R36","10k","R_0402_1005Metric",31.248000,219.839000,-90.000000,top
"R37","10k","R_0402_1005Metric",28.200000,216.029000,180.000000,top
"R38","10k","R_0402_1005Metric",28.200000,215.013000,180.000000,top
"R39","1M","R_0402_1005Metric",19.691000,229.237000,45.000000,top
"R40","10k","R_0402_1005Metric",22.612000,212.727000,90.000000,top
"R41","10k","R_0402_1005Metric",26.041000,213.362000,0.000000,top
"R42","0R","R_0402_1005Metric",56.769000,215.771000,-90.000000,top
"R43","0R","R_0402_1005Metric",56.769000,227.713000,-90.000000,top
"R44","100k","R_0402_1005Metric",65.913000,206.629000,180.000000,top
"R45","51R","R_0402_1005Metric",36.122800,215.343200,180.000000,top
"R46","20k","R_0402_1005Metric",36.632800,228.424200,-90.000000,top
"R47","1.8k","R_0402_1005Metric",30.859000,192.278000,180.000000,top
"R48","1.8k","R_0402_1005Metric",27.121038,192.278000,180.000000,top
"R49","4.7k","R_0402_1005Metric",30.859000,197.614000,90.000000,top
"R50","4.7k","R_0402_1005Metric",27.049000,197.614000,90.000000,top
"R51","100k","R_0402_1005Metric",47.758000,208.028000,-90.000000,top
"R52","6k","R_0402_1005Metric",38.360000,210.949000,0.000000,top
"R53","1.8k","R_0402_1005Metric",91.039600,139.346400,0.000000,top
"R54","1.8k","R_0402_1005Metric",75.164600,139.346400,0.000000,top
"R55","1.8k","R_0402_1005Metric",85.756400,139.346400,0.000000,top
"R56","1.8k","R_0402_1005Metric",80.473200,139.346400,0.000000,top
"R57","4.7k","R_0402_1005Metric",93.884400,135.257000,-90.000000,top
"R58","4.7k","R_0402_1005Metric",78.009400,135.255000,-90.000000,top
"R59","4.7k","R_0402_1005Metric",88.601200,135.255000,-90.000000,top
"R60","4.7k","R_0402_1005Metric",83.318000,135.255000,-90.000000,top
"R61","10R","R_0402_1005Metric",50.143600,118.112000,0.000000,top
"R62","10R","R_0402_1005Metric",50.145600,119.382000,0.000000,top
"R63","10R","R_0402_1005Metric",50.145600,113.692400,0.000000,top
"R64","10R","R_0402_1005Metric",50.145600,114.962400,0.000000,top
"R65","120R","R_0603_1608Metric",45.726000,118.747000,90.000000,top
"R66","120R","R_0603_1608Metric",45.726000,114.327400,-90.000000,top
"R70","1.8k","R_0402_1005Metric",161.314800,171.736000,0.000000,top
"R71","1.8k","R_0402_1005Metric",161.314800,170.720000,0.000000,top
"R72","4.7k","R_0402_1005Metric",164.745800,171.736000,0.000000,top
"R73","4.7k","R_0402_1005Metric",164.745800,170.720000,0.000000,top
"R74","100k","R_0402_1005Metric",88.601200,153.418000,0.000000,top
"R75","100k","R_0402_1005Metric",87.026400,151.284400,180.000000,top
"R76","10k","R_0402_1005Metric",87.024400,152.351200,180.000000,top
"R77","1.8k","R_0402_1005Metric",163.448400,165.434800,90.000000,top
"R78","330R","R_0402_1005Metric",83.521200,149.201600,0.000000,top
"R79","0R","R_0402_1005Metric",55.454200,74.676000,-90.000000,top
"R80","0R","R_0402_1005Metric",50.419000,74.676000,90.000000,top
"R81","0R","R_0402_1005Metric",49.276000,74.676000,90.000000,top
"R82","4.7k","R_0402_1005Metric",63.455200,74.676000,90.000000,top
"R83","0R","R_0402_1005Metric",39.878000,65.405000,0.000000,top
"R84","47k","R_0402_1005Metric",39.878000,53.086000,180.000000,top
"R85","47k","R_0402_1005Metric",39.878000,54.102000,180.000000,top
"R86","0R","R_0402_1005Metric",39.878000,61.595000,180.000000,top
"R87","0R","R_0402_1005Metric",39.878000,62.611000,180.000000,top
"R88","0R","R_0402_1005Metric",55.454200,34.036000,-90.000000,top
"R89","0R","R_0402_1005Metric",50.419000,34.036000,90.000000,top
"R90","0R","R_0402_1005Metric",49.276000,34.036000,90.000000,top
"R91","4.7k","R_0402_1005Metric",63.455200,34.036000,90.000000,top
"R92","330R","R_0402_1005Metric",229.420800,35.968400,180.000000,top
"R93","330R","R_0402_1005Metric",226.703000,35.358800,180.000000,top
"R94","330R","R_0402_1005Metric",226.703000,36.476400,180.000000,top
"R95","330R","R_0402_1005Metric",229.416800,37.060600,180.000000,top
"R96","330R","R_0402_1005Metric",226.703000,37.594000,180.000000,top
"R97","330R","R_0402_1005Metric",229.418800,38.176200,180.000000,top
"R98","330R","R_0402_1005Metric",226.701000,38.711600,180.000000,top
"R99","330R","R_0402_1005Metric",229.418800,39.422800,180.000000,top
"R100","475R 1%","R_0402_1005Metric",210.007200,50.954400,-90.000000,top
"R101","1.43k 1%","R_0402_1005Metric",203.561600,40.771000,-90.000000,top
"R102","5.1k","R_0402_1005Metric",208.311400,25.859200,90.000000,top
"R103","5.1k","R_0402_1005Metric",210.749800,25.859200,90.000000,top
"R104","330R","R_0402_1005Metric",212.985000,25.861200,90.000000,top
"R105","330R","R_0402_1005Metric",215.753600,25.859200,90.000000,top
"R106","330R","R_0402_1005Metric",218.039600,25.861200,90.000000,top
"R107","330R","R_0402_1005Metric",226.701000,42.445400,180.000000,top
"R108","5.1k","R_0402_1005Metric",226.701000,34.241200,180.000000,top
"R109","5.1k","R_0402_1005Metric",226.703000,39.829200,180.000000,top
"R110","5.1k","R_0402_1005Metric",229.418800,40.591200,180.000000,top
"R111","5.1k","R_0402_1005Metric",226.701000,41.353200,180.000000,top
"R112","330R","R_0402_1005Metric",225.708400,45.925200,180.000000,top
"R113","5.1k","R_0402_1005Metric",226.699000,43.639200,180.000000,top
"R114","5.1k","R_0402_1005Metric",201.326400,25.859200,90.000000,top
"R115","5.1k","R_0402_1005Metric",202.342400,25.859200,90.000000,top
"R116","5.1k","R_0402_1005Metric",198.684800,28.246800,-90.000000,top
"R117","330R","R_0402_1005Metric",219.309600,25.861200,90.000000,top
"R118","5.1k","R_0402_1005Metric",214.001000,25.859200,90.000000,top
"R119","330R","R_0402_1005Metric",216.769600,25.861200,90.000000,top
"R120","330R","R_0402_1005Metric",220.655800,50.471800,0.000000,top
"R121","5.1k","R_0402_1005Metric",232.718800,59.031600,0.000000,top
"R122","5.1k","R_0402_1005Metric",232.724800,60.047600,0.000000,top
"R123","33R","R_0402_1005Metric",211.023200,50.954400,-90.000000,top
"R124","33R","R_0402_1005Metric",212.039200,50.954400,-90.000000,top
"R125","33R","R_0402_1005Metric",214.204200,54.612000,-90.000000,top
"R126","33R","R_0402_1005Metric",215.214200,54.612000,-90.000000,top
"R127","33R","R_0402_1005Metric",217.480800,56.671400,-90.000000,top
"R128","33R","R_0402_1005Metric",218.496800,56.671400,-90.000000,top
"R129","33R","R_0402_1005Metric",220.528800,58.625200,-90.000000,top
"R130","33R","R_0402_1005Metric",221.544800,58.625200,-90.000000,top
"R131","49.9R","R_0402_1005Metric",202.514200,41.019000,-90.000000,top
"R132","49.9R","R_0402_1005Metric",202.514200,43.055000,90.000000,top
"R133","49.9R","R_0402_1005Metric",210.517200,52.476400,0.000000,top
"R134","49.9R","R_0402_1005Metric",212.547200,52.476400,180.000000,top
"R135","49.9R","R_0402_1005Metric",213.694200,56.085200,0.000000,top
"R136","49.9R","R_0402_1005Metric",215.726200,56.085200,180.000000,top
"R137","49.9R","R_0402_1005Metric",216.974800,58.142600,0.000000,top
"R138","49.9R","R_0402_1005Metric",219.004800,58.142600,180.000000,top
"R139","49.9R","R_0402_1005Metric",220.022800,60.098400,0.000000,top
"R140","49.9R","R_0402_1005Metric",222.050800,60.098400,180.000000,top
"R141","10k","R_0402_1005Metric",44.608400,137.924000,180.000000,top
"R142","10k","R_0402_1005Metric",44.608400,136.628600,180.000000,top
"R143","10k","R_0402_1005Metric",44.608400,124.436600,180.000000,top
"R144","10k","R_0402_1005Metric",47.072200,133.989000,90.000000,top
"R145","10k","R_0402_1005Metric",46.056200,133.989000,-90.000000,top
"R146","10k","R_0402_1005Metric",47.072200,132.033200,-90.000000,top
"R147","10k","R_0402_1005Metric",46.056200,132.031200,90.000000,top
"R148","10k","R_0402_1005Metric",45.116400,129.209800,90.000000,top
"R149","10k","R_0402_1005Metric",44.100400,129.211800,-90.000000,top
"R150","10k","R_0402_1005Metric",45.116400,127.205200,-90.000000,top
"R151","10k","R_0402_1005Metric",44.100400,127.205200,90.000000,top
"R152","0R","R_0402_1005Metric",73.970800,172.696600,0.000000,top
"R153","0R","R_0402_1005Metric",73.970800,171.680600,0.000000,top
"R154","0R","R_0402_1005Metric",73.972800,169.191400,0.000000,top
"R155","0R","R_0402_1005Metric",73.972800,170.207400,0.000000,top
"R156","2.49k 1%","R_0402_1005Metric",36.277200,170.766200,180.000000,top
"R157","4.7k","R_0402_1005Metric",68.789200,167.591200,0.000000,top
"R158","4.7k","R_0402_1005Metric",68.789200,168.658000,0.000000,top
"R159","1k","R_0402_1005Metric",49.688400,158.093600,90.000000,top
"R160","1k","R_0402_1005Metric",50.704400,156.999400,90.000000,top
"R161","1k","R_0402_1005Metric",51.720400,156.997400,90.000000,top
"R162","1k","R_0402_1005Metric",56.188800,157.177200,180.000000,top
"R163","1k","R_0402_1005Metric",56.190800,156.161200,180.000000,top
"R164","1k","R_0402_1005Metric",56.190800,158.193200,180.000000,top
"R165","1M","R_0402_1005Metric",68.175224,173.254065,-45.000000,top
"R166","4.7k","R_0402_1005Metric",59.414600,168.099200,0.000000,top
"R167","4.7k","R_0402_1005Metric",60.430600,166.880000,0.000000,top
"R168","4.7k","R_0402_1005Metric",60.434600,165.686200,0.000000,top
"R169","4.7k","R_0402_1005Metric",60.331000,172.417200,180.000000,top
"R170","1.8k","R_0402_1005Metric",73.308400,150.829500,0.000000,top
"R171","1.8k","R_0402_1005Metric",67.771200,150.829500,0.000000,top
"R172","1.8k","R_0402_1005Metric",62.236000,150.829500,0.000000,top
"R173","1.8k","R_0402_1005Metric",56.698800,150.829500,0.000000,top
"R174","4.7k","R_0402_1005Metric",76.155200,146.740100,-90.000000,top
"R175","4.7k","R_0402_1005Metric",70.618000,146.740100,-90.000000,top
"R176","4.7k","R_0402_1005Metric",65.080800,146.740100,-90.000000,top
"R177","4.7k","R_0402_1005Metric",59.543600,146.740100,-90.000000,top
"R178","1.8k","R_0402_1005Metric",188.931200,172.821600,90.000000,top
"R179","1.8k","R_0402_1005Metric",188.931200,167.614600,90.000000,top
"R180","1.8k","R_0402_1005Metric",188.942900,158.167800,90.000000,top
"R181","1.8k","R_0402_1005Metric",188.942900,152.986200,90.000000,top
"R182","4.7k","R_0402_1005Metric",194.849400,172.874400,90.000000,top
"R183","4.7k","R_0402_1005Metric",194.849400,167.665400,90.000000,top
"R184","4.7k","R_0402_1005Metric",194.861100,158.218600,90.000000,top
"R185","4.7k","R_0402_1005Metric",194.861100,153.037000,90.000000,top
"R186","1.8k","R_0402_1005Metric",122.662600,103.058000,-90.000000,top
"R187","1.8k","R_0402_1005Metric",122.664900,98.221800,-90.000000,top
"R188","4.7k","R_0402_1005Metric",117.379400,103.136200,90.000000,top
"R189","4.7k","R_0402_1005Metric",117.381700,98.300000,90.000000,top
"R190","10R","R_0402_1005Metric",92.462000,99.112800,0.000000,top
"R191","10R","R_0402_1005Metric",92.462000,101.652800,0.000000,top
"R192","120R","R_0603_1608Metric",89.896600,100.332000,90.000000,top
"R193","1.8k","R_0402_1005Metric",122.660300,117.792000,-90.000000,top
"R194","1.8k","R_0402_1005Metric",122.660300,112.973000,-90.000000,top
"R195","4.7k","R_0402_1005Metric",117.377100,117.868200,90.000000,top
"R196","4.7k","R_0402_1005Metric",117.377100,113.047200,90.000000,top
"R197","10R","R_0402_1005Metric",92.462000,113.463800,0.000000,top
"R198","10R","R_0402_1005Metric",92.462000,116.003800,0.000000,top
"R199","120R","R_0603_1608Metric",89.871200,114.683000,90.000000,top
"R200","10k","R_0402_1005Metric",108.454024,29.674159,0.000000,top
"R201","10k","R_0402_1005Metric",94.814224,29.669199,0.000000,top
"R202","10k","R_0402_1005Metric",108.452024,30.944159,0.000000,top
"R203","10k","R_0402_1005Metric",94.814224,32.234599,0.000000,top
"R204","1.8k","R_0402_1005Metric",163.150200,178.561700,180.000000,top
"R205","1.8k","R_0402_1005Metric",188.931200,147.540400,90.000000,top
"R206","4.7k","R_0402_1005Metric",163.226400,183.895700,0.000000,top
"R207","4.7k","R_0402_1005Metric",194.861100,148.488400,90.000000,top
"S1","HC-SFP-20P","SFP_Connector",35.337400,130.405600,-90.000000,top
"SW1","TSC015A04818B","Tactile_BTN",235.894536,181.080000,0.000000,top
"SW2","TSC015A04818B","Tactile_BTN",223.448536,181.080000,0.000000,top
"T1","NTZD3154NT1G","NTZD3154NT1G",89.109200,151.589200,-90.000000,top
"U1","TPS54331DR","TPS54331DR",228.219000,224.563400,90.000000,top
"U2","TPS54331DR","TPS54331DR",197.739000,224.563400,90.000000,top
"U3","TPS54331DR","TPS54331DR",167.259000,224.563400,90.000000,top
"U4","TPS54331DR","TPS54331DR",136.779000,224.563400,90.000000,top
"U5","AMS1117-3_3","AMS1117-3.3",235.306952,45.948600,0.000000,top
"U6","AP7331-10WG-7","AP7331-10WG.kicad_sym",210.481995,19.632269,0.000000,top
"U7","74HC04D,653","74HC04D",220.472000,164.592000,0.000000,top
"U8","CD4060SA_TR","CD4060",219.837004,141.991085,180.000000,top
"U9","74HC74D,653","74HC74D",220.472000,152.654000,180.000000,top
"U10","TUSB321RWBR","TUSB321RWBR",10.166000,233.809000,-90.000000,top
"U11","AOZ1353DI-01","AOZ1353DI01",46.056959,236.714508,-90.000000,top
"U12","PUSB2X4Y-N","USB_ESD",13.087000,242.318000,-90.000000,top
"U13","PUSB2X4Y-N","USB_ESD",11.309000,238.508000,-90.000000,top
"U14","USB2514B-I_M2","USB_HUB",23.563586,217.686127,-90.000000,top
"U15","LT8912B","LT8912B",42.164000,204.597000,-90.000000,top
"U16","ADM2582E","SOIC-20W_7.5x12.8mm_P1.27mm",61.220000,116.867400,180.000000,top
"U17","TPCDSOT23-SM712","ESD_RS485",21.966764,116.461000,180.000000,top
"U18","TPCDSOT23-SM712","ESD_RS485",21.966765,113.159000,180.000000,top
"U19","M24C04-RMN6TP","M24C04-RMN6TP",232.784305,55.729596,90.000000,top
"U20","PI7C9X2G404SLBFDEX","PCIE_Switch",212.923105,41.233098,0.000000,top
"U21","RTL8367S-CG","RTL8367S-CG",48.885521,168.686949,-90.000000,top
"U22","ADM3053","SOIC-20W_7.5x12.8mm_P1.27mm",99.673800,101.017800,180.000000,top
"U23","ADM3053","SOIC-20W_7.5x12.8mm_P1.27mm",99.677400,115.368800,180.000000,top
"U24","RX8010SJ","RX8010SJ",169.398600,181.078600,180.000000,top
"U25","M24C64-RMN6TP","CMOS_EEPROM",103.345837,31.574278,90.000000,top
"U26","M24C64-RMN6TP","CMOS_EEPROM",89.708824,31.579159,90.000000,top
"X1","X322524MOB4SI","XTAL_24MHZ",22.612000,226.697000,180.000000,top
"X2","X322525MOB4SI","XTAL_25MHZ",65.233200,170.029600,-90.000000,top
